rate_year,selling_rate
2001,113.1153846153846
2002,120.99272357723558
2003,129.39428571428562
2004,133.4938000000001
2005,131.64460905349802
2006,127.37358024691355
2007,124.61769565217371
2008,117.6059036144579
2009,147.31487804878054
2010,148.80589430894307
2011,152.32267489711936
2012,155.9422540983607
2013,155.7532661290321
2014,156.9523577235772
2015,193.61213709677435
2016,253.23407258064518
2017,305.78913934426225
2018,306.08099999999985
2019,307.1429752066113
2020,357.20922131147495
